sub	reason
sub-10317.html	 Missing trust preproc bold; Missing ugr preproc bold; Missing trust behavioral; Missing ugr behavioral;
sub-10369.html	 Missing trust preproc bold; Missing ugr preproc bold; Missing trust behavioral; Missing ugr behavioral;
sub-10402.html	 Missing trust preproc bold; Missing ugr preproc bold; Missing trust behavioral; Missing ugr behavioral;
sub-10418.html	 Missing trust preproc bold; Missing ugr preproc bold; Missing trust behavioral; Missing ugr behavioral;
sub-10462.html	 Missing trust preproc bold; Missing ugr preproc bold; Missing trust behavioral; Missing ugr behavioral;
sub-10478.html	 Missing trust preproc bold; Missing ugr preproc bold; Missing trust behavioral; Missing ugr behavioral;
sub-10486.html	 Missing trust preproc bold; Missing ugr preproc bold; Missing trust behavioral; Missing ugr behavioral;
sub-10529.html	 Missing trust preproc bold; Missing ugr preproc bold; Missing trust behavioral; Missing ugr behavioral;
sub-10541.html	 Missing trust preproc bold; Missing ugr preproc bold; Missing trust behavioral; Missing ugr behavioral;
sub-10559.html	 Missing trust preproc bold; Missing ugr preproc bold; Missing trust behavioral; Missing ugr behavioral;
sub-10572.html	 Missing trust preproc bold; Missing ugr preproc bold; Missing trust behavioral; Missing ugr behavioral;
sub-10581.html	 Missing trust preproc bold; Missing ugr preproc bold; Missing trust behavioral; Missing ugr behavioral;
sub-10584.html	 Missing trust preproc bold; Missing ugr preproc bold; Missing trust behavioral; Missing ugr behavioral;
sub-10585.html	 Missing trust preproc bold; Missing ugr preproc bold; Missing trust behavioral; Missing ugr behavioral;
sub-10589.html	 Missing trust preproc bold; Missing ugr preproc bold; Missing trust behavioral; Missing ugr behavioral;
sub-10590.html	 Missing trust preproc bold; Missing ugr preproc bold; Missing trust behavioral; Missing ugr behavioral;
sub-10596.html	 Missing trust preproc bold; Missing ugr preproc bold; Missing trust behavioral; Missing ugr behavioral;
sub-10603.html	 Missing trust preproc bold; Missing ugr preproc bold; Missing trust behavioral; Missing ugr behavioral;
sub-10606.html	 Missing trust preproc bold; Missing ugr preproc bold; Missing trust behavioral; Missing ugr behavioral;
sub-10608.html	 Missing trust preproc bold; Missing ugr preproc bold; Missing trust behavioral; Missing ugr behavioral;
sub-10617.html	 Missing trust preproc bold; Missing ugr preproc bold; Missing trust behavioral; Missing ugr behavioral;
sub-10636	 Missing ugr preproc bold;
sub-10636.html	 Missing trust preproc bold; Missing ugr preproc bold; Missing trust behavioral; Missing ugr behavioral;
sub-10638.html	 Missing trust preproc bold; Missing ugr preproc bold; Missing trust behavioral; Missing ugr behavioral;
sub-10640.html	 Missing trust preproc bold; Missing ugr preproc bold; Missing trust behavioral; Missing ugr behavioral;
sub-10641.html	 Missing trust preproc bold; Missing ugr preproc bold; Missing trust behavioral; Missing ugr behavioral;
sub-10642.html	 Missing trust preproc bold; Missing ugr preproc bold; Missing trust behavioral; Missing ugr behavioral;
sub-10644.html	 Missing trust preproc bold; Missing ugr preproc bold; Missing trust behavioral; Missing ugr behavioral;
sub-10647.html	 Missing trust preproc bold; Missing ugr preproc bold; Missing trust behavioral; Missing ugr behavioral;
sub-10649.html	 Missing trust preproc bold; Missing ugr preproc bold; Missing trust behavioral; Missing ugr behavioral;
sub-10652.html	 Missing trust preproc bold; Missing ugr preproc bold; Missing trust behavioral; Missing ugr behavioral;
sub-10656.html	 Missing trust preproc bold; Missing ugr preproc bold; Missing trust behavioral; Missing ugr behavioral;
sub-10657.html	 Missing trust preproc bold; Missing ugr preproc bold; Missing trust behavioral; Missing ugr behavioral;
sub-10661.html	 Missing trust preproc bold; Missing ugr preproc bold; Missing trust behavioral; Missing ugr behavioral;
sub-10663.html	 Missing trust preproc bold; Missing ugr preproc bold; Missing trust behavioral; Missing ugr behavioral;
sub-10668.html	 Missing trust preproc bold; Missing ugr preproc bold; Missing trust behavioral; Missing ugr behavioral;
sub-10673.html	 Missing trust preproc bold; Missing ugr preproc bold; Missing trust behavioral; Missing ugr behavioral;
sub-10674.html	 Missing trust preproc bold; Missing ugr preproc bold; Missing trust behavioral; Missing ugr behavioral;
sub-10677.html	 Missing trust preproc bold; Missing ugr preproc bold; Missing trust behavioral; Missing ugr behavioral;
sub-10685.html	 Missing trust preproc bold; Missing ugr preproc bold; Missing trust behavioral; Missing ugr behavioral;
sub-10690.html	 Missing trust preproc bold; Missing ugr preproc bold; Missing trust behavioral; Missing ugr behavioral;
sub-10691.html	 Missing trust preproc bold; Missing ugr preproc bold; Missing trust behavioral; Missing ugr behavioral;
sub-10700.html	 Missing trust preproc bold; Missing ugr preproc bold; Missing trust behavioral; Missing ugr behavioral;
sub-10701.html	 Missing trust preproc bold; Missing ugr preproc bold; Missing trust behavioral; Missing ugr behavioral;
sub-10713.html	 Missing trust preproc bold; Missing ugr preproc bold; Missing trust behavioral; Missing ugr behavioral;
sub-10716.html	 Missing trust preproc bold; Missing ugr preproc bold; Missing trust behavioral; Missing ugr behavioral;
sub-10718.html	 Missing trust preproc bold; Missing ugr preproc bold; Missing trust behavioral; Missing ugr behavioral;
sub-10720.html	 Missing trust preproc bold; Missing ugr preproc bold; Missing trust behavioral; Missing ugr behavioral;
sub-10723.html	 Missing trust preproc bold; Missing ugr preproc bold; Missing trust behavioral; Missing ugr behavioral;
sub-10741.html	 Missing trust preproc bold; Missing ugr preproc bold; Missing trust behavioral; Missing ugr behavioral;
sub-10748.html	 Missing trust preproc bold; Missing ugr preproc bold; Missing trust behavioral; Missing ugr behavioral;
sub-10767.html	 Missing trust preproc bold; Missing ugr preproc bold; Missing trust behavioral; Missing ugr behavioral;
sub-10770.html	 Missing trust preproc bold; Missing ugr preproc bold; Missing trust behavioral; Missing ugr behavioral;
sub-10777.html	 Missing trust preproc bold; Missing ugr preproc bold; Missing trust behavioral; Missing ugr behavioral;
sub-10781.html	 Missing trust preproc bold; Missing ugr preproc bold; Missing trust behavioral; Missing ugr behavioral;
sub-10783.html	 Missing trust preproc bold; Missing ugr preproc bold; Missing trust behavioral; Missing ugr behavioral;
sub-10785.html	 Missing trust preproc bold; Missing ugr preproc bold; Missing trust behavioral; Missing ugr behavioral;
sub-10794.html	 Missing trust preproc bold; Missing ugr preproc bold; Missing trust behavioral; Missing ugr behavioral;
sub-10800.html	 Missing trust preproc bold; Missing ugr preproc bold; Missing trust behavioral; Missing ugr behavioral;
sub-10801.html	 Missing trust preproc bold; Missing ugr preproc bold; Missing trust behavioral; Missing ugr behavioral;
sub-10802.html	 Missing trust preproc bold; Missing ugr preproc bold; Missing trust behavioral; Missing ugr behavioral;
sub-10803.html	 Missing trust preproc bold; Missing ugr preproc bold; Missing trust behavioral; Missing ugr behavioral;
sub-10804.html	 Missing trust preproc bold; Missing ugr preproc bold; Missing trust behavioral; Missing ugr behavioral;
sub-10806.html	 Missing trust preproc bold; Missing ugr preproc bold; Missing trust behavioral; Missing ugr behavioral;
sub-10807.html	 Missing trust preproc bold; Missing ugr preproc bold; Missing trust behavioral; Missing ugr behavioral;
sub-10809.html	 Missing trust preproc bold; Missing ugr preproc bold; Missing trust behavioral; Missing ugr behavioral;
sub-10810.html	 Missing trust preproc bold; Missing ugr preproc bold; Missing trust behavioral; Missing ugr behavioral;
sub-10812.html	 Missing trust preproc bold; Missing ugr preproc bold; Missing trust behavioral; Missing ugr behavioral;
sub-10817.html	 Missing trust preproc bold; Missing ugr preproc bold; Missing trust behavioral; Missing ugr behavioral;
sub-10827.html	 Missing trust preproc bold; Missing ugr preproc bold; Missing trust behavioral; Missing ugr behavioral;
sub-10831.html	 Missing trust preproc bold; Missing ugr preproc bold; Missing trust behavioral; Missing ugr behavioral;
sub-10834.html	 Missing trust preproc bold; Missing ugr preproc bold; Missing trust behavioral; Missing ugr behavioral;
sub-10836.html	 Missing trust preproc bold; Missing ugr preproc bold; Missing trust behavioral; Missing ugr behavioral;
sub-10838.html	 Missing trust preproc bold; Missing ugr preproc bold; Missing trust behavioral; Missing ugr behavioral;
sub-10843.html	 Missing trust preproc bold; Missing ugr preproc bold; Missing trust behavioral; Missing ugr behavioral;
sub-10850.html	 Missing trust preproc bold; Missing ugr preproc bold; Missing trust behavioral; Missing ugr behavioral;
sub-10854.html	 Missing trust preproc bold; Missing ugr preproc bold; Missing trust behavioral; Missing ugr behavioral;
sub-10857.html	 Missing trust preproc bold; Missing ugr preproc bold; Missing trust behavioral; Missing ugr behavioral;
sub-10858.html	 Missing trust preproc bold; Missing ugr preproc bold; Missing trust behavioral; Missing ugr behavioral;
sub-10860.html	 Missing trust preproc bold; Missing ugr preproc bold; Missing trust behavioral; Missing ugr behavioral;
sub-10862.html	 Missing trust preproc bold; Missing ugr preproc bold; Missing trust behavioral; Missing ugr behavioral;
sub-10863.html	 Missing trust preproc bold; Missing ugr preproc bold; Missing trust behavioral; Missing ugr behavioral;
sub-10866.html	 Missing trust preproc bold; Missing ugr preproc bold; Missing trust behavioral; Missing ugr behavioral;
sub-10875.html	 Missing trust preproc bold; Missing ugr preproc bold; Missing trust behavioral; Missing ugr behavioral;
sub-10881.html	 Missing trust preproc bold; Missing ugr preproc bold; Missing trust behavioral; Missing ugr behavioral;
sub-10886.html	 Missing trust preproc bold; Missing ugr preproc bold; Missing trust behavioral; Missing ugr behavioral;
sub-10887.html	 Missing trust preproc bold; Missing ugr preproc bold; Missing trust behavioral; Missing ugr behavioral;
sub-10896.html	 Missing trust preproc bold; Missing ugr preproc bold; Missing trust behavioral; Missing ugr behavioral;
sub-10897.html	 Missing trust preproc bold; Missing ugr preproc bold; Missing trust behavioral; Missing ugr behavioral;
sub-10898.html	 Missing trust preproc bold; Missing ugr preproc bold; Missing trust behavioral; Missing ugr behavioral;
sub-10908.html	 Missing trust preproc bold; Missing ugr preproc bold; Missing trust behavioral; Missing ugr behavioral;
sub-10913	 Missing trust preproc bold; Missing trust behavioral;
sub-10913.html	 Missing trust preproc bold; Missing ugr preproc bold; Missing trust behavioral; Missing ugr behavioral;
sub-10918.html	 Missing trust preproc bold; Missing ugr preproc bold; Missing trust behavioral; Missing ugr behavioral;
sub-10919.html	 Missing trust preproc bold; Missing ugr preproc bold; Missing trust behavioral; Missing ugr behavioral;
sub-10924.html	 Missing trust preproc bold; Missing ugr preproc bold; Missing trust behavioral; Missing ugr behavioral;
sub-10926.html	 Missing trust preproc bold; Missing ugr preproc bold; Missing trust behavioral; Missing ugr behavioral;
sub-10928.html	 Missing trust preproc bold; Missing ugr preproc bold; Missing trust behavioral; Missing ugr behavioral;
sub-10929.html	 Missing trust preproc bold; Missing ugr preproc bold; Missing trust behavioral; Missing ugr behavioral;
sub-10930.html	 Missing trust preproc bold; Missing ugr preproc bold; Missing trust behavioral; Missing ugr behavioral;
sub-10938.html	 Missing trust preproc bold; Missing ugr preproc bold; Missing trust behavioral; Missing ugr behavioral;
sub-10940.html	 Missing trust preproc bold; Missing ugr preproc bold; Missing trust behavioral; Missing ugr behavioral;
sub-10950.html	 Missing trust preproc bold; Missing ugr preproc bold; Missing trust behavioral; Missing ugr behavioral;
sub-10951	 Missing trust preproc bold;
sub-10951.html	 Missing trust preproc bold; Missing ugr preproc bold; Missing trust behavioral; Missing ugr behavioral;
sub-10952.html	 Missing trust preproc bold; Missing ugr preproc bold; Missing trust behavioral; Missing ugr behavioral;
sub-10953.html	 Missing trust preproc bold; Missing ugr preproc bold; Missing trust behavioral; Missing ugr behavioral;
sub-10954.html	 Missing trust preproc bold; Missing ugr preproc bold; Missing trust behavioral; Missing ugr behavioral;
sub-10956.html	 Missing trust preproc bold; Missing ugr preproc bold; Missing trust behavioral; Missing ugr behavioral;
sub-10958.html	 Missing trust preproc bold; Missing ugr preproc bold; Missing trust behavioral; Missing ugr behavioral;
sub-10961.html	 Missing trust preproc bold; Missing ugr preproc bold; Missing trust behavioral; Missing ugr behavioral;
sub-10964.html	 Missing trust preproc bold; Missing ugr preproc bold; Missing trust behavioral; Missing ugr behavioral;
sub-10966.html	 Missing trust preproc bold; Missing ugr preproc bold; Missing trust behavioral; Missing ugr behavioral;
sub-10969.html	 Missing trust preproc bold; Missing ugr preproc bold; Missing trust behavioral; Missing ugr behavioral;
sub-10974.html	 Missing trust preproc bold; Missing ugr preproc bold; Missing trust behavioral; Missing ugr behavioral;
sub-10977.html	 Missing trust preproc bold; Missing ugr preproc bold; Missing trust behavioral; Missing ugr behavioral;
sub-10979	 Missing ugr preproc bold; Missing ugr behavioral;
sub-10979.html	 Missing trust preproc bold; Missing ugr preproc bold; Missing trust behavioral; Missing ugr behavioral;
sub-10983.html	 Missing trust preproc bold; Missing ugr preproc bold; Missing trust behavioral; Missing ugr behavioral;
sub-10984.html	 Missing trust preproc bold; Missing ugr preproc bold; Missing trust behavioral; Missing ugr behavioral;
sub-10998.html	 Missing trust preproc bold; Missing ugr preproc bold; Missing trust behavioral; Missing ugr behavioral;
sub-11005.html	 Missing trust preproc bold; Missing ugr preproc bold; Missing trust behavioral; Missing ugr behavioral;
sub-11007.html	 Missing trust preproc bold; Missing ugr preproc bold; Missing trust behavioral; Missing ugr behavioral;
sub-11012.html	 Missing trust preproc bold; Missing ugr preproc bold; Missing trust behavioral; Missing ugr behavioral;
sub-11016.html	 Missing trust preproc bold; Missing ugr preproc bold; Missing trust behavioral; Missing ugr behavioral;
sub-11021.html	 Missing trust preproc bold; Missing ugr preproc bold; Missing trust behavioral; Missing ugr behavioral;
sub-11030.html	 Missing trust preproc bold; Missing ugr preproc bold; Missing trust behavioral; Missing ugr behavioral;
sub-11031.html	 Missing trust preproc bold; Missing ugr preproc bold; Missing trust behavioral; Missing ugr behavioral;
sub-11036.html	 Missing trust preproc bold; Missing ugr preproc bold; Missing trust behavioral; Missing ugr behavioral;
sub-11039.html	 Missing trust preproc bold; Missing ugr preproc bold; Missing trust behavioral; Missing ugr behavioral;
sub-11042.html	 Missing trust preproc bold; Missing ugr preproc bold; Missing trust behavioral; Missing ugr behavioral;
sub-11053.html	 Missing trust preproc bold; Missing ugr preproc bold; Missing trust behavioral; Missing ugr behavioral;
sub-11058.html	 Missing trust preproc bold; Missing ugr preproc bold; Missing trust behavioral; Missing ugr behavioral;
sub-11060.html	 Missing trust preproc bold; Missing ugr preproc bold; Missing trust behavioral; Missing ugr behavioral;
sub-11063.html	 Missing trust preproc bold; Missing ugr preproc bold; Missing trust behavioral; Missing ugr behavioral;
sub-11064.html	 Missing trust preproc bold; Missing ugr preproc bold; Missing trust behavioral; Missing ugr behavioral;
sub-11065.html	 Missing trust preproc bold; Missing ugr preproc bold; Missing trust behavioral; Missing ugr behavioral;
sub-11066.html	 Missing trust preproc bold; Missing ugr preproc bold; Missing trust behavioral; Missing ugr behavioral;
sub-11068.html	 Missing trust preproc bold; Missing ugr preproc bold; Missing trust behavioral; Missing ugr behavioral;
sub-11071.html	 Missing trust preproc bold; Missing ugr preproc bold; Missing trust behavioral; Missing ugr behavioral;
sub-11072.html	 Missing trust preproc bold; Missing ugr preproc bold; Missing trust behavioral; Missing ugr behavioral;
sub-11074.html	 Missing trust preproc bold; Missing ugr preproc bold; Missing trust behavioral; Missing ugr behavioral;
sub-11075.html	 Missing trust preproc bold; Missing ugr preproc bold; Missing trust behavioral; Missing ugr behavioral;
sub-11076.html	 Missing trust preproc bold; Missing ugr preproc bold; Missing trust behavioral; Missing ugr behavioral;
sub-11078.html	 Missing trust preproc bold; Missing ugr preproc bold; Missing trust behavioral; Missing ugr behavioral;
sub-11083.html	 Missing trust preproc bold; Missing ugr preproc bold; Missing trust behavioral; Missing ugr behavioral;
sub-11084.html	 Missing trust preproc bold; Missing ugr preproc bold; Missing trust behavioral; Missing ugr behavioral;
sub-11085	 Missing ugr preproc bold; Missing ugr behavioral;
sub-11085.html	 Missing trust preproc bold; Missing ugr preproc bold; Missing trust behavioral; Missing ugr behavioral;
sub-11090.html	 Missing trust preproc bold; Missing ugr preproc bold; Missing trust behavioral; Missing ugr behavioral;
sub-11110	 Missing trust preproc bold; Missing trust behavioral;
sub-11110.html	 Missing trust preproc bold; Missing ugr preproc bold; Missing trust behavioral; Missing ugr behavioral;
sub-11113.html	 Missing trust preproc bold; Missing ugr preproc bold; Missing trust behavioral; Missing ugr behavioral;
sub-11116.html	 Missing trust preproc bold; Missing ugr preproc bold; Missing trust behavioral; Missing ugr behavioral;
sub-11120.html	 Missing trust preproc bold; Missing ugr preproc bold; Missing trust behavioral; Missing ugr behavioral;
sub-11125	 Missing ugr preproc bold; Missing ugr behavioral;
sub-11125.html	 Missing trust preproc bold; Missing ugr preproc bold; Missing trust behavioral; Missing ugr behavioral;
sub-11126.html	 Missing trust preproc bold; Missing ugr preproc bold; Missing trust behavioral; Missing ugr behavioral;
sub-11128.html	 Missing trust preproc bold; Missing ugr preproc bold; Missing trust behavioral; Missing ugr behavioral;
sub-11134.html	 Missing trust preproc bold; Missing ugr preproc bold; Missing trust behavioral; Missing ugr behavioral;
sub-11139.html	 Missing trust preproc bold; Missing ugr preproc bold; Missing trust behavioral; Missing ugr behavioral;
sub-11145	 Missing trust preproc bold; Missing trust behavioral;
sub-11145.html	 Missing trust preproc bold; Missing ugr preproc bold; Missing trust behavioral; Missing ugr behavioral;
sub-11164.html	 Missing trust preproc bold; Missing ugr preproc bold; Missing trust behavioral; Missing ugr behavioral;
sub-11167.html	 Missing trust preproc bold; Missing ugr preproc bold; Missing trust behavioral; Missing ugr behavioral;
sub-11168.html	 Missing trust preproc bold; Missing ugr preproc bold; Missing trust behavioral; Missing ugr behavioral;
sub-11171	 Missing ugr preproc bold;
sub-11171.html	 Missing trust preproc bold; Missing ugr preproc bold; Missing trust behavioral; Missing ugr behavioral;
sub-11177.html	 Missing trust preproc bold; Missing ugr preproc bold; Missing trust behavioral; Missing ugr behavioral;
sub-11192.html	 Missing trust preproc bold; Missing ugr preproc bold; Missing trust behavioral; Missing ugr behavioral;
sub-11193.html	 Missing trust preproc bold; Missing ugr preproc bold; Missing trust behavioral; Missing ugr behavioral;
sub-11201.html	 Missing trust preproc bold; Missing ugr preproc bold; Missing trust behavioral; Missing ugr behavioral;
sub-11203	 Missing ugr preproc bold; Missing ugr behavioral;
sub-11203.html	 Missing trust preproc bold; Missing ugr preproc bold; Missing trust behavioral; Missing ugr behavioral;
sub-11209.html	 Missing trust preproc bold; Missing ugr preproc bold; Missing trust behavioral; Missing ugr behavioral;
sub-11227.html	 Missing trust preproc bold; Missing ugr preproc bold; Missing trust behavioral; Missing ugr behavioral;
sub-11238.html	 Missing trust preproc bold; Missing ugr preproc bold; Missing trust behavioral; Missing ugr behavioral;
sub-11241	 Missing trust preproc bold; Missing trust behavioral;
sub-11241.html	 Missing trust preproc bold; Missing ugr preproc bold; Missing trust behavioral; Missing ugr behavioral;
sub-11246.html	 Missing trust preproc bold; Missing ugr preproc bold; Missing trust behavioral; Missing ugr behavioral;
sub-11276.html	 Missing trust preproc bold; Missing ugr preproc bold; Missing trust behavioral; Missing ugr behavioral;
sub-11286.html	 Missing trust preproc bold; Missing ugr preproc bold; Missing trust behavioral; Missing ugr behavioral;
sub-11301.html	 Missing trust preproc bold; Missing ugr preproc bold; Missing trust behavioral; Missing ugr behavioral;
sub-11311.html	 Missing trust preproc bold; Missing ugr preproc bold; Missing trust behavioral; Missing ugr behavioral;
sub-11312.html	 Missing trust preproc bold; Missing ugr preproc bold; Missing trust behavioral; Missing ugr behavioral;
sub-11316.html	 Missing trust preproc bold; Missing ugr preproc bold; Missing trust behavioral; Missing ugr behavioral;
sub-11317	 Missing trust preproc bold; Missing trust behavioral;
sub-11317.html	 Missing trust preproc bold; Missing ugr preproc bold; Missing trust behavioral; Missing ugr behavioral;
sub-11318.html	 Missing trust preproc bold; Missing ugr preproc bold; Missing trust behavioral; Missing ugr behavioral;
sub-11321.html	 Missing trust preproc bold; Missing ugr preproc bold; Missing trust behavioral; Missing ugr behavioral;
sub-11325.html	 Missing trust preproc bold; Missing ugr preproc bold; Missing trust behavioral; Missing ugr behavioral;
sub-11326.html	 Missing trust preproc bold; Missing ugr preproc bold; Missing trust behavioral; Missing ugr behavioral;
sub-11329.html	 Missing trust preproc bold; Missing ugr preproc bold; Missing trust behavioral; Missing ugr behavioral;
sub-11330.html	 Missing trust preproc bold; Missing ugr preproc bold; Missing trust behavioral; Missing ugr behavioral;
sub-11337.html	 Missing trust preproc bold; Missing ugr preproc bold; Missing trust behavioral; Missing ugr behavioral;
sub-11338.html	 Missing trust preproc bold; Missing ugr preproc bold; Missing trust behavioral; Missing ugr behavioral;
sub-11340.html	 Missing trust preproc bold; Missing ugr preproc bold; Missing trust behavioral; Missing ugr behavioral;
sub-11343	 Missing trust preproc bold; Missing trust behavioral;
sub-11343.html	 Missing trust preproc bold; Missing ugr preproc bold; Missing trust behavioral; Missing ugr behavioral;
sub-11345.html	 Missing trust preproc bold; Missing ugr preproc bold; Missing trust behavioral; Missing ugr behavioral;
sub-11348.html	 Missing trust preproc bold; Missing ugr preproc bold; Missing trust behavioral; Missing ugr behavioral;
sub-11358.html	 Missing trust preproc bold; Missing ugr preproc bold; Missing trust behavioral; Missing ugr behavioral;
sub-11364.html	 Missing trust preproc bold; Missing ugr preproc bold; Missing trust behavioral; Missing ugr behavioral;
sub-11367.html	 Missing trust preproc bold; Missing ugr preproc bold; Missing trust behavioral; Missing ugr behavioral;
sub-11374.html	 Missing trust preproc bold; Missing ugr preproc bold; Missing trust behavioral; Missing ugr behavioral;
sub-11376.html	 Missing trust preproc bold; Missing ugr preproc bold; Missing trust behavioral; Missing ugr behavioral;
sub-11377.html	 Missing trust preproc bold; Missing ugr preproc bold; Missing trust behavioral; Missing ugr behavioral;
sub-11387.html	 Missing trust preproc bold; Missing ugr preproc bold; Missing trust behavioral; Missing ugr behavioral;
sub-11396	 Missing ugr preproc bold; Missing ugr behavioral;
sub-11396.html	 Missing trust preproc bold; Missing ugr preproc bold; Missing trust behavioral; Missing ugr behavioral;
sub-11410.html	 Missing trust preproc bold; Missing ugr preproc bold; Missing trust behavioral; Missing ugr behavioral;
sub-11416.html	 Missing trust preproc bold; Missing ugr preproc bold; Missing trust behavioral; Missing ugr behavioral;
sub-11426.html	 Missing trust preproc bold; Missing ugr preproc bold; Missing trust behavioral; Missing ugr behavioral;
sub-11430.html	 Missing trust preproc bold; Missing ugr preproc bold; Missing trust behavioral; Missing ugr behavioral;
sub-11432.html	 Missing trust preproc bold; Missing ugr preproc bold; Missing trust behavioral; Missing ugr behavioral;
sub-11433.html	 Missing trust preproc bold; Missing ugr preproc bold; Missing trust behavioral; Missing ugr behavioral;
sub-11435.html	 Missing trust preproc bold; Missing ugr preproc bold; Missing trust behavioral; Missing ugr behavioral;
sub-11439.html	 Missing trust preproc bold; Missing ugr preproc bold; Missing trust behavioral; Missing ugr behavioral;
sub-11440.html	 Missing trust preproc bold; Missing ugr preproc bold; Missing trust behavioral; Missing ugr behavioral;
sub-11443.html	 Missing trust preproc bold; Missing ugr preproc bold; Missing trust behavioral; Missing ugr behavioral;
sub-11450.html	 Missing trust preproc bold; Missing ugr preproc bold; Missing trust behavioral; Missing ugr behavioral;
sub-11451.html	 Missing trust preproc bold; Missing ugr preproc bold; Missing trust behavioral; Missing ugr behavioral;
sub-11461.html	 Missing trust preproc bold; Missing ugr preproc bold; Missing trust behavioral; Missing ugr behavioral;
sub-11462.html	 Missing trust preproc bold; Missing ugr preproc bold; Missing trust behavioral; Missing ugr behavioral;
sub-11472.html	 Missing trust preproc bold; Missing ugr preproc bold; Missing trust behavioral; Missing ugr behavioral;
sub-11492.html	 Missing trust preproc bold; Missing ugr preproc bold; Missing trust behavioral; Missing ugr behavioral;
sub-11493.html	 Missing trust preproc bold; Missing ugr preproc bold; Missing trust behavioral; Missing ugr behavioral;
sub-11498.html	 Missing trust preproc bold; Missing ugr preproc bold; Missing trust behavioral; Missing ugr behavioral;
sub-11517.html	 Missing trust preproc bold; Missing ugr preproc bold; Missing trust behavioral; Missing ugr behavioral;
sub-11518.html	 Missing trust preproc bold; Missing ugr preproc bold; Missing trust behavioral; Missing ugr behavioral;
sub-11523.html	 Missing trust preproc bold; Missing ugr preproc bold; Missing trust behavioral; Missing ugr behavioral;
sub-11526.html	 Missing trust preproc bold; Missing ugr preproc bold; Missing trust behavioral; Missing ugr behavioral;
sub-11527.html	 Missing trust preproc bold; Missing ugr preproc bold; Missing trust behavioral; Missing ugr behavioral;
sub-11529.html	 Missing trust preproc bold; Missing ugr preproc bold; Missing trust behavioral; Missing ugr behavioral;
sub-11530.html	 Missing trust preproc bold; Missing ugr preproc bold; Missing trust behavioral; Missing ugr behavioral;
sub-11532.html	 Missing trust preproc bold; Missing ugr preproc bold; Missing trust behavioral; Missing ugr behavioral;
sub-11533.html	 Missing trust preproc bold; Missing ugr preproc bold; Missing trust behavioral; Missing ugr behavioral;
sub-11534.html	 Missing trust preproc bold; Missing ugr preproc bold; Missing trust behavioral; Missing ugr behavioral;
sub-11535.html	 Missing trust preproc bold; Missing ugr preproc bold; Missing trust behavioral; Missing ugr behavioral;
sub-11536.html	 Missing trust preproc bold; Missing ugr preproc bold; Missing trust behavioral; Missing ugr behavioral;
sub-11539.html	 Missing trust preproc bold; Missing ugr preproc bold; Missing trust behavioral; Missing ugr behavioral;
sub-11540.html	 Missing trust preproc bold; Missing ugr preproc bold; Missing trust behavioral; Missing ugr behavioral;
sub-11542.html	 Missing trust preproc bold; Missing ugr preproc bold; Missing trust behavioral; Missing ugr behavioral;
sub-11545.html	 Missing trust preproc bold; Missing ugr preproc bold; Missing trust behavioral; Missing ugr behavioral;
sub-11551.html	 Missing trust preproc bold; Missing ugr preproc bold; Missing trust behavioral; Missing ugr behavioral;
sub-11559.html	 Missing trust preproc bold; Missing ugr preproc bold; Missing trust behavioral; Missing ugr behavioral;
sub-11560.html	 Missing trust preproc bold; Missing ugr preproc bold; Missing trust behavioral; Missing ugr behavioral;
sub-11563.html	 Missing trust preproc bold; Missing ugr preproc bold; Missing trust behavioral; Missing ugr behavioral;
sub-11565.html	 Missing trust preproc bold; Missing ugr preproc bold; Missing trust behavioral; Missing ugr behavioral;
sub-11570.html	 Missing trust preproc bold; Missing ugr preproc bold; Missing trust behavioral; Missing ugr behavioral;
sub-11572.html	 Missing trust preproc bold; Missing ugr preproc bold; Missing trust behavioral; Missing ugr behavioral;
sub-11579.html	 Missing trust preproc bold; Missing ugr preproc bold; Missing trust behavioral; Missing ugr behavioral;
sub-11586.html	 Missing trust preproc bold; Missing ugr preproc bold; Missing trust behavioral; Missing ugr behavioral;
sub-11587.html	 Missing trust preproc bold; Missing ugr preproc bold; Missing trust behavioral; Missing ugr behavioral;
sub-11588.html	 Missing trust preproc bold; Missing ugr preproc bold; Missing trust behavioral; Missing ugr behavioral;
sub-11591.html	 Missing trust preproc bold; Missing ugr preproc bold; Missing trust behavioral; Missing ugr behavioral;
sub-11597.html	 Missing trust preproc bold; Missing ugr preproc bold; Missing trust behavioral; Missing ugr behavioral;
sub-11598.html	 Missing trust preproc bold; Missing ugr preproc bold; Missing trust behavioral; Missing ugr behavioral;
sub-11599	 Missing trust behavioral; Missing ugr behavioral;
sub-11599.html	 Missing trust preproc bold; Missing ugr preproc bold; Missing trust behavioral; Missing ugr behavioral;
sub-11600.html	 Missing trust preproc bold; Missing ugr preproc bold; Missing trust behavioral; Missing ugr behavioral;
sub-11606.html	 Missing trust preproc bold; Missing ugr preproc bold; Missing trust behavioral; Missing ugr behavioral;
sub-11614.html	 Missing trust preproc bold; Missing ugr preproc bold; Missing trust behavioral; Missing ugr behavioral;
sub-11622.html	 Missing trust preproc bold; Missing ugr preproc bold; Missing trust behavioral; Missing ugr behavioral;
sub-11623.html	 Missing trust preproc bold; Missing ugr preproc bold; Missing trust behavioral; Missing ugr behavioral;
sub-11625.html	 Missing trust preproc bold; Missing ugr preproc bold; Missing trust behavioral; Missing ugr behavioral;
sub-11626.html	 Missing trust preproc bold; Missing ugr preproc bold; Missing trust behavioral; Missing ugr behavioral;
sub-11628.html	 Missing trust preproc bold; Missing ugr preproc bold; Missing trust behavioral; Missing ugr behavioral;
sub-11631.html	 Missing trust preproc bold; Missing ugr preproc bold; Missing trust behavioral; Missing ugr behavioral;
sub-11651.html	 Missing trust preproc bold; Missing ugr preproc bold; Missing trust behavioral; Missing ugr behavioral;
sub-11660.html	 Missing trust preproc bold; Missing ugr preproc bold; Missing trust behavioral; Missing ugr behavioral;
sub-11670.html	 Missing trust preproc bold; Missing ugr preproc bold; Missing trust behavioral; Missing ugr behavioral;
sub-11674.html	 Missing trust preproc bold; Missing ugr preproc bold; Missing trust behavioral; Missing ugr behavioral;
sub-11679.html	 Missing trust preproc bold; Missing ugr preproc bold; Missing trust behavioral; Missing ugr behavioral;
sub-11681.html	 Missing trust preproc bold; Missing ugr preproc bold; Missing trust behavioral; Missing ugr behavioral;
sub-11692	 Missing ugr preproc bold; Missing ugr behavioral;
sub-11692.html	 Missing trust preproc bold; Missing ugr preproc bold; Missing trust behavioral; Missing ugr behavioral;
sub-11694	 Missing trust preproc bold; Missing trust behavioral;
sub-11694.html	 Missing trust preproc bold; Missing ugr preproc bold; Missing trust behavioral; Missing ugr behavioral;
sub-11701	 Missing trust behavioral; Missing ugr behavioral;
sub-11701.html	 Missing trust preproc bold; Missing ugr preproc bold; Missing trust behavioral; Missing ugr behavioral;
sub-11703	 Missing ugr behavioral;
sub-11703.html	 Missing trust preproc bold; Missing ugr preproc bold; Missing trust behavioral; Missing ugr behavioral;
sub-11705.html	 Missing trust preproc bold; Missing ugr preproc bold; Missing trust behavioral; Missing ugr behavioral;
sub-11709.html	 Missing trust preproc bold; Missing ugr preproc bold; Missing trust behavioral; Missing ugr behavioral;
sub-11710.html	 Missing trust preproc bold; Missing ugr preproc bold; Missing trust behavioral; Missing ugr behavioral;
sub-11714.html	 Missing trust preproc bold; Missing ugr preproc bold; Missing trust behavioral; Missing ugr behavioral;
sub-11719	 Missing ugr preproc bold; Missing ugr behavioral;
sub-11719.html	 Missing trust preproc bold; Missing ugr preproc bold; Missing trust behavioral; Missing ugr behavioral;
sub-11720.html	 Missing trust preproc bold; Missing ugr preproc bold; Missing trust behavioral; Missing ugr behavioral;
sub-11722.html	 Missing trust preproc bold; Missing ugr preproc bold; Missing trust behavioral; Missing ugr behavioral;
sub-11723.html	 Missing trust preproc bold; Missing ugr preproc bold; Missing trust behavioral; Missing ugr behavioral;
sub-11736.html	 Missing trust preproc bold; Missing ugr preproc bold; Missing trust behavioral; Missing ugr behavioral;
sub-11744.html	 Missing trust preproc bold; Missing ugr preproc bold; Missing trust behavioral; Missing ugr behavioral;
sub-11746.html	 Missing trust preproc bold; Missing ugr preproc bold; Missing trust behavioral; Missing ugr behavioral;
sub-11748.html	 Missing trust preproc bold; Missing ugr preproc bold; Missing trust behavioral; Missing ugr behavioral;
sub-11753.html	 Missing trust preproc bold; Missing ugr preproc bold; Missing trust behavioral; Missing ugr behavioral;
sub-11756.html	 Missing trust preproc bold; Missing ugr preproc bold; Missing trust behavioral; Missing ugr behavioral;
sub-11764.html	 Missing trust preproc bold; Missing ugr preproc bold; Missing trust behavioral; Missing ugr behavioral;
sub-11772	 Missing trust behavioral;
sub-11772.html	 Missing trust preproc bold; Missing ugr preproc bold; Missing trust behavioral; Missing ugr behavioral;
sub-11773.html	 Missing trust preproc bold; Missing ugr preproc bold; Missing trust behavioral; Missing ugr behavioral;
sub-11774.html	 Missing trust preproc bold; Missing ugr preproc bold; Missing trust behavioral; Missing ugr behavioral;
sub-11784.html	 Missing trust preproc bold; Missing ugr preproc bold; Missing trust behavioral; Missing ugr behavioral;
sub-11787.html	 Missing trust preproc bold; Missing ugr preproc bold; Missing trust behavioral; Missing ugr behavioral;
sub-11788.html	 Missing trust preproc bold; Missing ugr preproc bold; Missing trust behavioral; Missing ugr behavioral;
sub-11789	 Missing ugr behavioral;
sub-11789.html	 Missing trust preproc bold; Missing ugr preproc bold; Missing trust behavioral; Missing ugr behavioral;
sub-11790.html	 Missing trust preproc bold; Missing ugr preproc bold; Missing trust behavioral; Missing ugr behavioral;
sub-11793.html	 Missing trust preproc bold; Missing ugr preproc bold; Missing trust behavioral; Missing ugr behavioral;
sub-11795	 Missing ugr behavioral;
sub-11795.html	 Missing trust preproc bold; Missing ugr preproc bold; Missing trust behavioral; Missing ugr behavioral;
sub-11828	 Missing ugr behavioral;
sub-11828.html	 Missing trust preproc bold; Missing ugr preproc bold; Missing trust behavioral; Missing ugr behavioral;
sub-11829	 Missing ugr behavioral;
sub-11829.html	 Missing trust preproc bold; Missing ugr preproc bold; Missing trust behavioral; Missing ugr behavioral;
sub-11840	 Missing trust behavioral; Missing ugr behavioral;
sub-11840.html	 Missing trust preproc bold; Missing ugr preproc bold; Missing trust behavioral; Missing ugr behavioral;
sub-11847	 Missing ugr behavioral;
sub-11847.html	 Missing trust preproc bold; Missing ugr preproc bold; Missing trust behavioral; Missing ugr behavioral;
sub-11861	 Missing trust behavioral; Missing ugr behavioral;
sub-11861.html	 Missing trust preproc bold; Missing ugr preproc bold; Missing trust behavioral; Missing ugr behavioral;
sub-11866	 Missing trust behavioral; Missing ugr behavioral;
sub-11866.html	 Missing trust preproc bold; Missing ugr preproc bold; Missing trust behavioral; Missing ugr behavioral;
sub-11867.html	 Missing trust preproc bold; Missing ugr preproc bold; Missing trust behavioral; Missing ugr behavioral;
sub-11870	 Missing trust behavioral; Missing ugr behavioral;
sub-11870.html	 Missing trust preproc bold; Missing ugr preproc bold; Missing trust behavioral; Missing ugr behavioral;
sub-11872	 Missing trust behavioral; Missing ugr behavioral;
sub-11872.html	 Missing trust preproc bold; Missing ugr preproc bold; Missing trust behavioral; Missing ugr behavioral;
sub-11877	 Missing ugr behavioral;
sub-11877.html	 Missing trust preproc bold; Missing ugr preproc bold; Missing trust behavioral; Missing ugr behavioral;
